Year,Alpha,Gamma,Beta,Total_Mod_Beta,Richness,Similarity,Evenness,EvenxRichness
2020,63,63,,,1.0,,,
2021,95,114,70.0,114.0,0.8333333333333334,0.38596491228070173,89.55051045445782,74.62542537871485
2022,79,138,78.0,126.0,0.572463768115942,0.34782608695652173,93.4984838991418,53.52449440603045
2023,72,145,41.0,96.0,0.496551724137931,0.3793103448275862,57.25438961623172,28.429765878404716
2024,115,205,127.0,157.0,0.5609756097560976,0.14634146341463414,130.4033407731348,73.15309360444148
2025,40,207,113.0,134.0,0.1932367149758454,0.10144927536231885,99.67544997590764,19.260956517083603
