Year,Alpha,Gamma,Beta,Total_Mod_Beta,Richness,Similarity,Evenness,EvenxRichness
2020,128,128,,,1.0,,,
2021,85,170,127.0,170.0,0.5,0.2529411764705882,147.80387667887666,73.90193833943833
2022,136,230,117.0,169.0,0.591304347826087,0.22608695652173913,131.29735150470444,77.63669480278176
2023,172,304,176.0,242.0,0.5657894736842105,0.21710526315789475,185.21603282338577,104.79328172902089
2024,182,371,192.0,273.0,0.49056603773584906,0.2183288409703504,200.51426416720537,98.36548808202528
2025,111,390,187.0,240.0,0.2846153846153846,0.1358974358974359,182.83238526179701,52.036909651434534
