Year,Alpha,Gamma,Beta,Total_Mod_Beta,Richness,Similarity,Evenness,EvenxRichness
2020,76,76,,,1.0,,,
2021,100,128,80.0,128.0,0.78125,0.375,94.46538739038739,73.80108389874015
2022,102,176,112.0,157.0,0.5795454545454546,0.2556818181818182,123.14029026529026,71.36539549465687
2023,126,236,128.0,178.0,0.5338983050847458,0.211864406779661,134.19947274947276,71.64887104421004
2024,146,298,150.0,211.0,0.4899328859060403,0.20469798657718122,161.74321511821512,79.24332015858862
2025,52,306,128.0,163.0,0.16993464052287582,0.11437908496732026,125.57697302697301,21.339877769289533
