Year,Alpha,Gamma,Beta,Total_Mod_Beta,Richness,Similarity,Evenness,EvenxRichness
2020,109,109,,,1.0,,,
2021,124,176,119.0,176.0,0.7045454545454546,0.32386363636363635,143.45825563325565,101.07286192343012
2022,132,221,104.0,180.0,0.5972850678733032,0.3438914027149321,132.07349317349315,78.88552533439409
2023,121,249,107.0,180.0,0.4859437751004016,0.2931726907630522,118.90579143079142,57.78152916917977
2024,131,283,126.0,189.0,0.4628975265017668,0.2226148409893993,131.39867632367634,60.824122255836045
2025,133,314,130.0,197.0,0.42356687898089174,0.21337579617834396,142.67493894993896,60.43237859981491
