Year,Alpha,Gamma,Beta,Total_Mod_Beta,Richness,Similarity,Evenness,EvenxRichness
2020,125,125,,,1.0,,,
2021,105,164,98.0,164.0,0.6402439024390244,0.4024390243902439,123.70013042513042,79.1982542356018
2022,129,211,100.0,167.0,0.6113744075829384,0.3175355450236967,123.63475690975692,75.58712626236323
2023,137,264,144.0,205.0,0.5189393939393939,0.23106060606060605,154.26456043956043,80.0539575008325
2024,146,317,165.0,224.0,0.4605678233438486,0.1861198738170347,173.97884337884335,80.12905720287422
2025,123,352,177.0,223.0,0.3494318181818182,0.13068181818181818,174.87054334554335,61.10533190767566
